date,value,Change,Fed Rate Hike,CPI,PPI,PCE,INDPRO,PAYROLL,,,,,,,,,,,
1/1/1960,3.99,0,0,29.37,31.6,323.6,24.2887,54274,,,,,,,,,,,Remarks
2/1/1960,3.97,-0.02,0,29.41,31.6,325.3,24.0726,54513,,,,,,Fed Rate Hike ,,1: Increase,,,
3/1/1960,3.84,-0.13,0,29.41,31.8,330.2,23.8565,54454,,,,,,,,0: Unchange or Decrease,,,
4/1/1960,3.92,0.08,1,29.54,31.8,336.5,23.6673,54813,,,,,,,,,,,
5/1/1960,3.85,-0.07,0,29.57,31.7,330,23.6403,54475,,,,,,PCE,,Price Consumer Expenditure,,,(*this is the Fed's favorite Inflation gauge)
6/1/1960,3.32,-0.53,0,29.61,31.7,330.1,23.3431,54348,,,,,,,,,,,
7/1/1960,3.23,-0.09,0,29.55,31.7,331.4,23.2621,54306,,,,,,CPI,,Consumer Price Index,,,Lagging Indicator for inflation
8/1/1960,2.98,-0.25,0,29.61,31.6,331.6,23.235,54272,,,,,,,,,,,
9/1/1960,2.6,-0.38,0,29.61,31.6,333.4,22.9919,54227,,,,,,PPI ,,Producer Price Index,,,Leading indicator for inflation
10/1/1960,2.47,-0.13,0,29.75,31.7,335.4,22.9649,54142,,,,,,,,,,,
11/1/1960,2.44,-0.03,0,29.78,31.7,335.4,22.6407,53961,,,,,,,,,,,
12/1/1960,1.98,-0.46,0,29.81,31.7,331.3,22.2084,53742,,,,,,PAYROLL,,Payroll Employment (nonfarm),,,
1/1/1961,1.45,-0.53,0,29.84,31.8,332.2,22.2354,53683,,,,,,,,,,,
2/1/1961,2.54,1.09,1,29.84,31.8,333.7,22.2084,53557,,,,,,INDPRO,,Industrial Production Index,,,Leading Indicator for GDP
3/1/1961,2.02,-0.52,0,29.84,31.8,337.7,22.3435,53659,,,,,,,,,,,
4/1/1961,1.49,-0.53,0,29.81,31.6,337.6,22.8028,53627,,,,,,,,,,,
5/1/1961,1.98,0.49,1,29.84,31.5,339.9,23.154,53786,,,,,,,,,,,
6/1/1961,1.73,-0.25,0,29.84,31.3,340.9,23.4782,53977,,,,,,,,,,,
7/1/1961,1.17,-0.56,0,29.92,31.5,340.6,23.7484,54123,,,,,,,,,,,
8/1/1961,2,0.83,1,29.94,31.5,342.1,23.9645,54298,,,,,,,,,,,
9/1/1961,1.88,-0.12,0,29.98,31.5,344.4,23.9375,54388,,,,,,,,,,,
10/1/1961,2.26,0.38,1,29.98,31.5,346.5,24.3968,54522,,,,,,,,,,,
11/1/1961,2.61,0.35,1,29.98,31.5,349.9,24.775,54742,,,,,,,,,,,
12/1/1961,2.33,-0.28,0,30.01,31.6,352.4,24.9912,54872,,,,,,,,,,,
1/1/1962,2.15,-0.18,0,30.04,31.7,353.2,24.775,54891,,,,,,,,,,,
2/1/1962,2.37,0.22,1,30.11,31.7,354,25.1803,55188,,,,,,,,,,,
3/1/1962,2.85,0.48,1,30.17,31.7,357.4,25.3154,55275,,,,,,,,,,,
4/1/1962,2.78,-0.07,0,30.21,31.6,359,25.3694,55602,,,,,,,,,,,
5/1/1962,2.36,-0.42,0,30.24,31.5,362,25.3424,55628,,,,,,,,,,,
6/1/1962,2.68,0.32,1,30.21,31.5,360.4,25.2884,55644,,,,,,,,,,,
7/1/1962,2.71,0.03,1,30.22,31.6,361.4,25.5315,55746,,,,,,,,,,,
8/1/1962,2.93,0.22,1,30.28,31.6,362.9,25.5585,55838,,,,,,,,,,,
9/1/1962,2.9,-0.03,0,30.42,31.9,368.8,25.7206,55978,,,,,,,,,,,
10/1/1962,2.9,0,0,30.38,31.7,366.5,25.7477,56041,,,,,,,,,,,
11/1/1962,2.94,0.04,1,30.38,31.7,371.7,25.8557,56056,,,,,,,,,,,
12/1/1962,2.93,-0.01,0,30.38,31.6,373.6,25.8557,56028,,,,,,,,,,,
1/1/1963,2.92,-0.01,0,30.44,31.6,374.4,26.0448,56115,,,,,,,,,,,
2/1/1963,3,0.08,1,30.48,31.5,373.4,26.3421,56230,,,,,,,,,,,
3/1/1963,2.98,-0.02,0,30.51,31.5,375,26.5042,56320,,,,,,,,,,,
4/1/1963,2.9,-0.08,0,30.48,31.4,376.4,26.7473,56580,,,,,,,,,,,
5/1/1963,3,0.1,1,30.51,31.5,377.2,27.0715,56616,,,,,,,,,,,
6/1/1963,2.99,-0.01,0,30.61,31.6,381.7,27.1526,56659,,,,,,,,,,,
7/1/1963,3.02,0.03,1,30.69,31.7,384.4,27.0445,56794,,,,,,,,,,,
8/1/1963,3.49,0.47,1,30.75,31.6,386.3,27.0985,56910,,,,,,,,,,,
9/1/1963,3.48,-0.01,0,30.72,31.6,385.5,27.3687,57078,,,,,,,,,,,
10/1/1963,3.5,0.02,1,30.75,31.6,386,27.5578,57283,,,,,,,,,,,
11/1/1963,3.48,-0.02,0,30.78,31.7,389.4,27.6929,57255,,,,,,,,,,,
12/1/1963,3.38,-0.1,0,30.88,31.6,394.7,27.6389,57361,,,,,,,,,,,
1/1/1964,3.48,0.1,1,30.94,31.8,396.8,27.882,57487,,,,,,,,,,,
2/1/1964,3.48,0,0,30.91,31.6,400.2,28.0712,57753,,,,,,,,,,,
3/1/1964,3.43,-0.05,0,30.94,31.6,401.8,28.0712,57897,,,,,,,,,,,
4/1/1964,3.47,0.04,1,30.95,31.6,402.8,28.5305,57922,,,,,,,,,,,
5/1/1964,3.5,0.03,1,30.98,31.5,408.4,28.6926,58089,,,,,,,,,,,
6/1/1964,3.5,0,0,31.01,31.5,411.4,28.7736,58219,,,,,,,,,,,
7/1/1964,3.42,-0.08,0,31.02,31.6,414.9,28.9627,58412,,,,,,,,,,,
8/1/1964,3.5,0.08,1,31.05,31.6,417.7,29.1519,58619,,,,,,,,,,,
9/1/1964,3.45,-0.05,0,31.08,31.7,416.6,29.2599,58903,,,,,,,,,,,
10/1/1964,3.36,-0.09,0,31.12,31.7,419.6,28.8547,58793,,,,,,,,,,,
11/1/1964,3.52,0.16,1,31.21,31.7,416.4,29.7463,59218,,,,,,,,,,,
12/1/1964,3.85,0.33,1,31.25,31.7,421,30.0975,59421,,,,,,,,,,,
1/1/1965,3.9,0.05,1,31.28,31.8,424.4,30.4217,59582,,,,,,,,,,,
2/1/1965,3.98,0.08,1,31.28,31.9,431.4,30.6108,59800,,,,,,,,,,,
3/1/1965,4.05,0.07,1,31.31,31.9,433.3,31.0161,60003,,,,,,,,,,,
4/1/1965,4.09,0.04,1,31.38,32,437.1,31.1512,60259,,,,,,,,,,,
5/1/1965,4.1,0.01,1,31.48,32.1,437.6,31.3943,60491,,,,,,,,,,,
6/1/1965,4.05,-0.05,0,31.61,32.4,435.2,31.6375,60690,,,,,,,,,,,
7/1/1965,4.09,0.04,1,31.58,32.4,441,31.9347,60965,,,,,,,,,,,
8/1/1965,4.12,0.03,1,31.55,32.4,444.4,32.0698,61228,,,,,,,,,,,
9/1/1965,4.02,-0.1,0,31.62,32.4,452,32.1508,61490,,,,,,,,,,,
10/1/1965,4.08,0.06,1,31.65,32.5,458.5,32.475,61719,,,,,,,,,,,
11/1/1965,4.1,0.02,1,31.75,32.6,459.1,32.6101,61996,,,,,,,,,,,
12/1/1965,4.32,0.22,1,31.85,32.8,461.7,33.0154,62322,,,,,,,,,,,
1/1/1966,4.42,0.1,1,31.88,32.9,465.2,33.3396,62529,,,,,,,,,,,
2/1/1966,4.6,0.18,1,32.08,33.2,470.2,33.5557,62796,,,,,,,,,,,
3/1/1966,4.66,0.06,1,32.18,33.2,475,34.015,63192,,,,,,,,,,,
4/1/1966,4.67,0.01,1,32.28,33.2,476.9,34.0691,63437,,,,,,,,,,,
5/1/1966,4.9,0.23,1,32.35,33.2,473.1,34.3933,63712,,,,,,,,,,,
6/1/1966,5.17,0.27,1,32.38,33.3,475.5,34.5553,64111,,,,,,,,,,,
7/1/1966,5.3,0.13,1,32.45,33.5,480.6,34.7445,64301,,,,,,,,,,,
8/1/1966,5.53,0.23,1,32.65,33.6,483.2,34.7715,64507,,,,,,,,,,,
9/1/1966,5.4,-0.13,0,32.75,33.6,489.2,35.0957,64643,,,,,,,,,,,
10/1/1966,5.53,0.13,1,32.85,33.4,488.3,35.3389,64854,,,,,,,,,,,
11/1/1966,5.76,0.23,1,32.88,33.3,490.1,35.0957,65019,,,,,,,,,,,
12/1/1966,5.4,-0.36,0,32.92,33.3,491.8,35.1768,65199,,,,,,,,,,,
1/1/1967,4.94,-0.46,0,32.9,33.4,494.2,35.3427,65407,,,,,,,,,,,
2/1/1967,5,0.06,1,33,33.4,493,34.9419,65429,,,,,,,,,,,
3/1/1967,4.53,-0.47,0,33,33.3,495.8,34.7449,65530,,,,,,,,,,,
4/1/1967,4.05,-0.48,0,33.1,33.1,501.3,35.0726,65466,,,,,,,,,,,
5/1/1967,3.94,-0.11,0,33.1,33.3,502.2,34.7666,65620,,,,,,,,,,,
6/1/1967,3.98,0.04,1,33.3,33.5,506.8,34.7623,65750,,,,,,,,,,,
7/1/1967,3.79,-0.19,0,33.4,33.5,506.7,34.6831,65888,,,,,,,,,,,
8/1/1967,3.9,0.11,1,33.5,33.4,509.8,35.3476,66143,,,,,,,,,,,
9/1/1967,3.99,0.09,1,33.6,33.4,515.6,35.2902,66164,,,,,,,,,,,
10/1/1967,3.88,-0.11,0,33.7,33.4,512.2,35.5776,66225,,,,,,,,,,,
11/1/1967,4.13,0.25,1,33.9,33.4,517.4,36.0864,66703,,,,,,,,,,,
12/1/1967,4.51,0.38,1,34,33.7,525.1,36.4751,66900,,,,,,,,,,,
1/1/1968,4.61,0.1,1,34.1,33.8,530.9,36.4358,66804,,,,,,,,,,,
2/1/1968,4.71,0.1,1,34.2,34,533.6,36.5664,67215,,,,,,,,,,,
3/1/1968,5.05,0.34,1,34.3,34.1,544.3,36.6805,67295,,,,,,,,,,,
4/1/1968,5.76,0.71,1,34.4,34.1,544,36.7336,67556,,,,,,,,,,,
5/1/1968,6.12,0.36,1,34.5,34.2,549.8,37.1457,67652,,,,,,,,,,,
6/1/1968,6.07,-0.05,0,34.7,34.2,556.3,37.2821,67905,,,,,,,,,,,
7/1/1968,6.03,-0.04,0,34.9,34.3,563.2,37.2249,68126,,,,,,,,,,,
8/1/1968,6.03,0,0,35,34.2,567,37.3288,68330,,,,,,,,,,,
9/1/1968,5.78,-0.25,0,35.1,34.4,568.2,37.4702,68484,,,,,,,,,,,
10/1/1968,5.91,0.13,1,35.3,34.4,571.6,37.5446,68721,,,,,,,,,,,
11/1/1968,5.82,-0.09,0,35.4,34.5,576.7,38.0302,68984,,,,,,,,,,,
12/1/1968,6.02,0.2,1,35.6,34.6,576.5,38.1503,69248,,,,,,,,,,,
1/1/1969,6.3,0.28,1,35.7,34.8,583.5,38.3811,69439,,,,,,,,,,,
2/1/1969,6.61,0.31,1,35.8,35,588.7,38.6268,69699,,,,,,,,,,,
3/1/1969,6.79,0.18,1,36.1,35.2,588.9,38.9297,69905,,,,,,,,,,,
4/1/1969,7.41,0.62,1,36.3,35.3,593.9,38.7864,70072,,,,,,,,,,,
5/1/1969,8.67,1.26,1,36.4,35.5,600.3,38.6398,70328,,,,,,,,,,,
6/1/1969,8.9,0.23,1,36.6,35.7,600.9,39.0173,70636,,,,,,,,,,,
7/1/1969,8.61,-0.29,0,36.8,35.8,602.7,39.2233,70729,,,,,,,,,,,
8/1/1969,9.19,0.58,1,36.9,35.7,609.9,39.3134,71008,,,,,,,,,,,
9/1/1969,9.15,-0.04,0,37.1,35.8,613.2,39.3046,70914,,,,,,,,,,,
10/1/1969,9,-0.15,0,37.3,35.9,618.5,39.3161,71121,,,,,,,,,,,
11/1/1969,8.85,-0.15,0,37.5,36.1,620.5,38.9455,71086,,,,,,,,,,,
12/1/1969,8.97,0.12,1,37.7,36.3,622.8,38.841,71241,,,,,,,,,,,
1/1/1970,8.98,0.01,1,37.9,36.5,628.7,38.1217,71176,,,,,,,,,,,
2/1/1970,8.98,0,0,38.1,36.7,634,38.0966,71305,,,,,,,,,,,
3/1/1970,7.76,-1.22,0,38.3,36.7,632.3,38.0472,71451,,,,,,,,,,,
4/1/1970,8.1,0.34,1,38.5,36.8,636,37.9493,71348,,,,,,,,,,,
5/1/1970,7.95,-0.15,0,38.6,36.8,642.4,37.9051,71124,,,,,,,,,,,
6/1/1970,7.61,-0.34,0,38.8,36.9,646.3,37.7825,71029,,,,,,,,,,,
7/1/1970,7.21,-0.4,0,38.9,37.1,648.5,37.8753,71053,,,,,,,,,,,
8/1/1970,6.62,-0.59,0,39,36.9,652.9,37.8077,70937,,,,,,,,,,,
9/1/1970,6.29,-0.33,0,39.2,37.1,659.1,37.5471,70944,,,,,,,,,,,
10/1/1970,6.2,-0.09,0,39.4,37.1,658.3,36.796,70521,,,,,,,,,,,
11/1/1970,5.6,-0.6,0,39.6,37.1,656.6,36.5732,70409,,,,,,,,,,,
12/1/1970,4.9,-0.7,0,39.8,37.1,665.6,37.4131,70792,,,,,,,,,,,
1/1/1971,4.14,-0.76,0,39.9,37.3,676.1,37.7008,70865,,,,,,,,,,,
2/1/1971,3.72,-0.42,0,39.9,37.7,679.4,37.629,70807,,,,,,,,,,,
3/1/1971,3.71,-0.01,0,40,37.8,682,37.5883,70860,,,,,,,,,,,
4/1/1971,4.16,0.45,1,40.1,37.9,688.8,37.7993,71036,,,,,,,,,,,
5/1/1971,4.63,0.47,1,40.3,38.1,691.1,37.9911,71247,,,,,,,,,,,
6/1/1971,4.91,0.28,1,40.5,38.2,699.8,38.1505,71254,,,,,,,,,,,
7/1/1971,5.31,0.4,1,40.6,38.3,698.9,38.0397,71315,,,,,,,,,,,
8/1/1971,5.57,0.26,1,40.7,38.5,704.9,37.819,71373,,,,,,,,,,,
9/1/1971,5.55,-0.02,0,40.8,38.3,713,38.4336,71614,,,,,,,,,,,
10/1/1971,5.2,-0.35,0,40.9,38.3,715.8,38.7213,71642,,,,,,,,,,,
11/1/1971,4.91,-0.29,0,41,38.3,720.9,38.8856,71847,,,,,,,,,,,
12/1/1971,4.14,-0.77,0,41.1,38.6,728.4,39.3345,72109,,,,,,,,,,,
1/1/1972,3.51,-0.63,0,41.2,38.8,731.5,40.2751,72441,,,,,,,,,,,
2/1/1972,3.3,-0.21,0,41.4,39.2,736.2,40.6932,72648,,,,,,,,,,,
3/1/1972,3.83,0.53,1,41.4,39.2,749.2,40.9766,72944,,,,,,,,,,,
4/1/1972,4.17,0.34,1,41.5,39.3,752.5,41.3843,73162,,,,,,,,,,,
5/1/1972,4.27,0.1,1,41.6,39.5,758,41.39,73469,,,,,,,,,,,
6/1/1972,4.46,0.19,1,41.7,39.7,761.6,41.4898,73758,,,,,,,,,,,
7/1/1972,4.55,0.09,1,41.8,40,769.9,41.4485,73709,,,,,,,,,,,
8/1/1972,4.81,0.26,1,41.9,40.1,776.3,42.0158,74141,,,,,,,,,,,
9/1/1972,4.87,0.06,1,42.1,40.2,781.1,42.3429,74264,,,,,,,,,,,
10/1/1972,5.05,0.18,1,42.2,40.1,794.9,42.8745,74674,,,,,,,,,,,
11/1/1972,5.06,0.01,1,42.4,40.3,800.5,43.3834,74973,,,,,,,,,,,
12/1/1972,5.33,0.27,1,42.5,41.1,806.1,43.8725,75268,,,,,,,,,,,
1/1/1973,5.94,0.61,1,42.7,41.6,816.5,44.1952,75617,,,,,,,,,,,
2/1/1973,6.58,0.64,1,43,42.4,825.8,44.8299,76014,,,,,,,,,,,
3/1/1973,7.09,0.51,1,43.4,43.4,832.8,44.8444,76284,,,,,,,,,,,
4/1/1973,7.12,0.03,1,43.7,43.6,835.7,44.7876,76455,,,,,,,,,,,
5/1/1973,7.84,0.72,1,43.9,44.5,841.6,45.0922,76648,,,,,,,,,,,
6/1/1973,8.49,0.65,1,44.2,45.5,844.3,45.1372,76887,,,,,,,,,,,
7/1/1973,10.4,1.91,1,44.2,44.9,854.1,45.3163,76913,,,,,,,,,,,
8/1/1973,10.5,0.1,1,45,47.5,853.3,45.2482,77168,,,,,,,,,,,
9/1/1973,10.78,0.28,1,45.2,46.7,869.2,45.6148,77276,,,,,,,,,,,
10/1/1973,10.01,-0.77,0,45.6,46.3,868.2,45.9627,77607,,,,,,,,,,,
11/1/1973,10.03,0.02,1,45.9,46.5,876.9,46.1781,77920,,,,,,,,,,,
12/1/1973,9.95,-0.08,0,46.3,47.4,876.6,46.0553,78031,,,,,,,,,,,
1/1/1974,9.65,-0.3,0,46.8,49,884.5,45.7415,78100,,,,,,,,,,,
2/1/1974,8.97,-0.68,0,47.3,50,889.7,45.6029,78254,,,,,,,,,,,
3/1/1974,9.35,0.38,1,47.8,50.6,901.4,45.6093,78296,,,,,,,,,,,
4/1/1974,10.51,1.16,1,48.1,51,910.8,45.4865,78382,,,,,,,,,,,
5/1/1974,11.31,0.8,1,48.6,51.8,922.4,45.8299,78549,,,,,,,,,,,
6/1/1974,11.93,0.62,1,49,52,928,45.7552,78604,,,,,,,,,,,
7/1/1974,12.92,0.99,1,49.3,54,937.9,45.828,78636,,,,,,,,,,,
8/1/1974,12.01,-0.91,0,49.9,55.9,954.8,45.3423,78619,,,,,,,,,,,
9/1/1974,11.34,-0.67,0,50.6,55.9,955.1,45.3551,78610,,,,,,,,,,,
10/1/1974,10.06,-1.28,0,51,56.9,959.2,45.2077,78630,,,,,,,,,,,
11/1/1974,9.45,-0.61,0,51.5,57.4,956.2,43.7312,78265,,,,,,,,,,,
12/1/1974,8.53,-0.92,0,51.9,57.3,961.8,42.1667,77652,,,,,,,,,,,
1/1/1975,7.13,-1.4,0,52.3,57.4,975.6,41.588,77293,,,,,,,,,,,
2/1/1975,6.24,-0.89,0,52.6,57.2,989.4,40.6296,76918,,,,,,,,,,,
3/1/1975,5.54,-0.7,0,52.8,56.9,990.6,40.1811,76648,,,,,,,,,,,
4/1/1975,5.49,-0.05,0,53,57.5,995,40.26,76460,,,,,,,,,,,
5/1/1975,5.22,-0.27,0,53.1,57.9,1018.9,40.1391,76624,,,,,,,,,,,
6/1/1975,5.55,0.33,1,53.5,58,1026.8,40.3939,76521,,,,,,,,,,,
7/1/1975,6.1,0.55,1,54,58.7,1039.8,40.791,76770,,,,,,,,,,,
8/1/1975,6.14,0.04,1,54.2,59,1047,41.2089,77153,,,,,,,,,,,
9/1/1975,6.24,0.1,1,54.6,59.4,1054.8,41.7455,77228,,,,,,,,,,,
10/1/1975,5.82,-0.42,0,54.9,59.8,1060.9,41.9223,77540,,,,,,,,,,,
11/1/1975,5.22,-0.6,0,55.3,59.5,1075.8,41.9745,77685,,,,,,,,,,,
12/1/1975,5.2,-0.02,0,55.6,59.7,1092.1,42.5521,78017,,,,,,,,,,,
1/1/1976,4.87,-0.33,0,55.8,59.9,1107.1,43.1271,78503,,,,,,,,,,,
2/1/1976,4.77,-0.1,0,55.9,59.9,1107.7,43.5561,78816,,,,,,,,,,,
3/1/1976,4.84,0.07,1,56,60,1114.9,43.6464,79048,,,,,,,,,,,
4/1/1976,4.82,-0.02,0,56.1,60.6,1125.4,43.8709,79292,,,,,,,,,,,
5/1/1976,5.29,0.47,1,56.4,60.8,1122.7,44.055,79312,,,,,,,,,,,
6/1/1976,5.48,0.19,1,56.7,61.2,1140.5,44.0988,79376,,,,,,,,,,,
7/1/1976,5.31,-0.17,0,57,61.6,1149.6,44.3519,79547,,,,,,,,,,,
8/1/1976,5.29,-0.02,0,57.3,61.4,1158,44.6538,79704,,,,,,,,,,,
9/1/1976,5.25,-0.04,0,57.6,61.8,1168.8,44.7817,79892,,,,,,,,,,,
10/1/1976,5.02,-0.23,0,57.9,61.9,1176.8,44.783,79911,,,,,,,,,,,
11/1/1976,4.95,-0.07,0,58.1,62,1189,45.4764,80240,,,,,,,,,,,
12/1/1976,4.65,-0.3,0,58.4,62.5,1211.5,45.9469,80448,,,,,,,,,,,
1/1/1977,4.61,-0.04,0,58.7,62.8,1215,45.6487,80690,,,,,,,,,,,
2/1/1977,4.68,0.07,1,59.3,63.5,1231.3,46.3805,80988,,,,,,,,,,,
3/1/1977,4.69,0.01,1,59.6,64.1,1238.3,46.9566,81391,,,,,,,,,,,
4/1/1977,4.73,0.04,1,60,64.9,1247.3,47.4185,81728,,,,,,,,,,,
5/1/1977,5.35,0.62,1,60.2,65.2,1257.1,47.7834,82088,,,,,,,,,,,
6/1/1977,5.39,0.04,1,60.5,65,1263.6,48.1403,82488,,,,,,,,,,,
7/1/1977,5.42,0.03,1,60.8,65.1,1280.5,48.1927,82834,,,,,,,,,,,
8/1/1977,5.9,0.48,1,61.1,65,1285.7,48.2499,83075,,,,,,,,,,,
9/1/1977,6.14,0.24,1,61.3,65.3,1294.5,48.4515,83532,,,,,,,,,,,
10/1/1977,6.47,0.33,1,61.6,65.6,1311.4,48.5177,83800,,,,,,,,,,,
11/1/1977,6.51,0.04,1,62,65.8,1327,48.6111,84173,,,,,,,,,,,
12/1/1977,6.56,0.05,1,62.3,66.2,1336,48.6743,84410,,,,,,,,,,,
1/1/1978,6.7,0.14,1,62.7,66.8,1329.5,47.9744,84594,,,,,,,,,,,
2/1/1978,6.78,0.08,1,63,67.5,1355.1,48.2322,84948,,,,,,,,,,,
3/1/1978,6.79,0.01,1,63.4,68.1,1377.5,49.1693,85460,,,,,,,,,,,
4/1/1978,6.89,0.1,1,63.9,69,1396.4,50.1546,86162,,,,,,,,,,,
5/1/1978,7.36,0.47,1,64.5,69.5,1412,50.3971,86509,,,,,,,,,,,
6/1/1978,7.6,0.24,1,65,70,1425.8,50.7005,86950,,,,,,,,,,,
7/1/1978,7.81,0.21,1,65.5,70.4,1426.8,50.6512,87204,,,,,,,,,,,
8/1/1978,8.04,0.23,1,65.9,70.4,1447,50.8676,87483,,,,,,,,,,,
9/1/1978,8.45,0.41,1,66.5,71,1452.9,51.0077,87621,,,,,,,,,,,
10/1/1978,8.96,0.51,1,67.1,71.8,1466.9,51.3902,87956,,,,,,,,,,,
11/1/1978,9.76,0.8,1,67.5,72.1,1480.6,51.781,88391,,,,,,,,,,,
12/1/1978,10.03,0.27,1,67.9,72.7,1496.5,52.0449,88671,,,,,,,,,,,
1/1/1979,10.07,0.04,1,68.5,73.8,1502.4,51.7484,88808,,,,,,,,,,,
2/1/1979,10.06,-0.01,0,69.2,74.9,1517.8,52.0053,89055,,,,,,,,,,,
3/1/1979,10.09,0.03,1,69.9,75.8,1531.2,52.1613,89479,,,,,,,,,,,
4/1/1979,10.01,-0.08,0,70.6,76.9,1538.4,51.5654,89417,,,,,,,,,,,
5/1/1979,10.24,0.23,1,71.4,77.5,1558.8,52.0022,89789,,,,,,,,,,,
6/1/1979,10.29,0.05,1,72.2,78,1575.7,52.008,90108,,,,,,,,,,,
7/1/1979,10.47,0.18,1,73,79.2,1586.1,51.9231,90217,,,,,,,,,,,
8/1/1979,10.94,0.47,1,73.7,79.6,1615.6,51.5966,90300,,,,,,,,,,,
9/1/1979,11.43,0.49,1,74.4,80.9,1633.9,51.5842,90327,,,,,,,,,,,
10/1/1979,13.77,2.34,1,75.2,82.1,1641.6,51.9405,90481,,,,,,,,,,,
11/1/1979,13.18,-0.59,0,76,82.6,1657.3,51.8626,90573,,,,,,,,,,,
12/1/1979,13.78,0.6,1,76.9,83.4,1666.3,51.9025,90672,,,,,,,,,,,
1/1/1980,13.82,0.04,1,78,85.2,1697.3,52.1712,90800,,,,,,,,,,,
2/1/1980,14.13,0.31,1,79,86.9,1701.4,52.1976,90883,,,,,,,,,,,
3/1/1980,17.19,3.06,1,80.1,87.5,1708.2,51.9834,90994,,,,,,,,,,,
4/1/1980,17.61,0.42,1,80.9,87.8,1695.2,50.9746,90849,,,,,,,,,,,
5/1/1980,10.98,-6.63,0,81.7,88.3,1700.1,49.7086,90420,,,,,,,,,,,
6/1/1980,9.47,-1.51,0,82.5,88.7,1718.8,49.0754,90101,,,,,,,,,,,
7/1/1980,9.03,-0.44,0,82.6,90.3,1747.1,48.7001,89840,,,,,,,,,,,
8/1/1980,9.61,0.58,1,83.2,91.5,1763.8,48.8535,90099,,,,,,,,,,,
9/1/1980,10.87,1.26,1,83.9,91.7,1780.5,49.6791,90213,,,,,,,,,,,
10/1/1980,12.81,1.94,1,84.7,92.8,1817.1,50.3058,90490,,,,,,,,,,,
11/1/1980,15.85,3.04,1,85.6,93.2,1826.8,51.1348,90747,,,,,,,,,,,
12/1/1980,18.9,3.05,1,86.4,93.8,1851.7,51.4875,90943,,,,,,,,,,,
1/1/1981,19.08,0.18,1,87.2,95.2,1870,51.1668,91033,,,,,,,,,,,
2/1/1981,15.93,-3.15,0,88,96.1,1884.2,50.9509,91105,,,,,,,,,,,
3/1/1981,14.7,-1.23,0,88.6,97,1902.9,51.2066,91210,,,,,,,,,,,
4/1/1981,15.72,1.02,1,89.1,98,1904.4,50.9711,91283,,,,,,,,,,,
5/1/1981,18.52,2.8,1,89.7,98.3,1913.8,51.2645,91296,,,,,,,,,,,
6/1/1981,19.1,0.58,1,90.5,98.5,1934.5,51.5247,91490,,,,,,,,,,,
7/1/1981,19.04,-0.06,0,91.5,99,1942.1,51.8727,91601,,,,,,,,,,,
8/1/1981,17.82,-1.22,0,92.2,99,1966.6,51.8156,91565,,,,,,,,,,,
9/1/1981,15.87,-1.95,0,93.1,98.8,1965.5,51.5692,91477,,,,,,,,,,,
10/1/1981,15.08,-0.79,0,93.4,98.9,1963.9,51.1851,91380,,,,,,,,,,,
11/1/1981,13.31,-1.77,0,93.8,98.8,1970.6,50.5914,91171,,,,,,,,,,,
12/1/1981,12.37,-0.94,0,94.1,98.8,1988.8,50.053,90895,,,,,,,,,,,
1/1/1982,13.22,0.85,1,94.4,99.7,1997.1,49.0358,90565,,,,,,,,,,,
2/1/1982,14.78,1.56,1,94.7,99.8,2021.2,50.0309,90563,,,,,,,,,,,
3/1/1982,14.68,-0.1,0,94.7,99.6,2024.1,49.6876,90434,,,,,,,,,,,
4/1/1982,14.94,0.26,1,95,99.6,2026.3,49.2266,90150,,,,,,,,,,,
5/1/1982,14.45,-0.49,0,95.9,99.8,2044.5,48.8924,90107,,,,,,,,,,,
6/1/1982,14.15,-0.3,0,97,100,2048.1,48.7588,89865,,,,,,,,,,,
7/1/1982,12.59,-1.56,0,97.5,100.4,2072.2,48.5887,89521,,,,,,,,,,,
8/1/1982,10.12,-2.47,0,97.7,100.3,2080.1,48.1582,89363,,,,,,,,,,,
9/1/1982,10.31,0.19,1,97.7,100,2104.6,48.0164,89183,,,,,,,,,,,
10/1/1982,9.71,-0.6,0,98.1,100.2,2125.8,47.571,88907,,,,,,,,,,,
11/1/1982,9.2,-0.51,0,98,100.3,2149.3,47.4235,88786,,,,,,,,,,,
12/1/1982,8.95,-0.25,0,97.7,100.5,2161.6,47.0712,88771,,,,,,,,,,,
1/1/1983,8.68,-0.27,0,97.9,100.2,2174,47.9518,88990,,,,,,,,,,,
2/1/1983,8.51,-0.17,0,98,100.5,2177,47.6648,88917,,,,,,,,,,,
3/1/1983,8.77,0.26,1,98.1,100.4,2202.8,48.054,89090,,,,,,,,,,,
4/1/1983,8.8,0.03,1,98.8,100.4,2226.4,48.6536,89364,,,,,,,,,,,
5/1/1983,8.63,-0.17,0,99.2,100.8,2245.9,48.9668,89644,,,,,,,,,,,
6/1/1983,8.98,0.35,1,99.4,101,2276,49.251,90021,,,,,,,,,,,
7/1/1983,9.37,0.39,1,99.8,101.3,2304.4,49.9861,90437,,,,,,,,,,,
8/1/1983,9.56,0.19,1,100.1,101.8,2320.4,50.5862,90129,,,,,,,,,,,
9/1/1983,9.45,-0.11,0,100.4,102,2334.9,51.3227,91247,,,,,,,,,,,
10/1/1983,9.48,0.03,1,100.8,102.2,2357.6,51.714,91520,,,,,,,,,,,
11/1/1983,9.34,-0.14,0,101.1,102.1,2366.3,51.9425,91875,,,,,,,,,,,
12/1/1983,9.47,0.13,1,101.4,102.3,2393.6,52.1897,92230,,,,,,,,,,,
1/1/1984,9.56,0.09,1,102.1,102.9,2419.4,53.2371,92673,,,,,,,,,,,
2/1/1984,9.59,0.03,1,102.6,103.2,2403.5,53.4741,93157,,,,,,,,,,,
3/1/1984,9.91,0.32,1,102.9,103.9,2431.6,53.7313,93429,,,,,,,,,,,
4/1/1984,10.29,0.38,1,103.3,104,2457.5,54.0454,93792,,,,,,,,,,,
5/1/1984,10.32,0.03,1,103.5,104.1,2474.5,54.3263,94098,,,,,,,,,,,
6/1/1984,11.06,0.74,1,103.7,104,2495.6,54.5095,94479,,,,,,,,,,,
7/1/1984,11.23,0.17,1,104.1,104.2,2494.6,54.6658,94789,,,,,,,,,,,
8/1/1984,11.64,0.41,1,104.4,103.8,2512.2,54.7307,95032,,,,,,,,,,,
9/1/1984,11.3,-0.34,0,104.7,103.4,2533.8,54.5783,95344,,,,,,,,,,,
10/1/1984,9.99,-1.31,0,105.1,103.4,2531.3,54.5549,95629,,,,,,,,,,,
11/1/1984,9.43,-0.56,0,105.3,103.7,2571.4,54.74,95982,,,,,,,,,,,
12/1/1984,8.38,-1.05,0,105.5,103.5,2582.6,54.7733,96107,,,,,,,,,,,
1/1/1985,8.35,-0.03,0,105.7,103.4,2618.8,54.7203,96372,,,,,,,,,,,
2/1/1985,8.5,0.15,1,106.3,103.3,2640.8,54.91,96503,,,,,,,,,,,
3/1/1985,8.58,0.08,1,106.8,103.1,2648.5,54.9841,96842,,,,,,,,,,,
4/1/1985,8.27,-0.31,0,107,103.3,2659.5,54.8853,97038,,,,,,,,,,,
5/1/1985,7.97,-0.3,0,107.2,103.5,2696.4,54.952,97312,,,,,,,,,,,
6/1/1985,7.53,-0.44,0,107.5,103.3,2689.4,54.9269,97459,,,,,,,,,,,
7/1/1985,7.88,0.35,1,107.7,103.2,2715.7,54.642,97648,,,,,,,,,,,
8/1/1985,7.9,0.02,1,107.9,102.7,2752.1,54.8269,97840,,,,,,,,,,,
9/1/1985,7.92,0.02,1,108.1,102.1,2794.7,55.0447,98045,,,,,,,,,,,
10/1/1985,7.99,0.07,1,108.5,102.9,2755.8,54.8418,98233,,,,,,,,,,,
11/1/1985,8.05,0.06,1,109,103.4,2771.1,55.0381,98443,,,,,,,,,,,
12/1/1985,8.27,0.22,1,109.5,103.6,2811.3,55.5958,98609,,,,,,,,,,,
1/1/1986,8.14,-0.13,0,109.9,103.2,2827.1,55.8793,98732,,,,,,,,,,,
2/1/1986,7.86,-0.28,0,109.7,101.7,2820.2,55.4963,98847,,,,,,,,,,,
3/1/1986,7.48,-0.38,0,109.1,100.3,2823.6,55.097,98934,,,,,,,,,,,
4/1/1986,6.99,-0.49,0,108.7,99.6,2835.2,55.16,99121,,,,,,,,,,,
5/1/1986,6.85,-0.14,0,109,100,2857.5,55.2556,99248,,,,,,,,,,,
6/1/1986,6.92,0.07,1,109.4,99.9,2861.7,55.0449,99155,,,,,,,,,,,
7/1/1986,6.56,-0.36,0,109.5,99.4,2881.2,55.3725,99473,,,,,,,,,,,
8/1/1986,6.17,-0.39,0,109.6,99.3,2898.6,55.2845,99588,,,,,,,,,,,
9/1/1986,5.89,-0.28,0,110,99.4,2971.8,55.4459,99934,,,,,,,,,,,
10/1/1986,5.85,-0.04,0,110.2,99.7,2932.9,55.6766,100121,,,,,,,,,,,
11/1/1986,6.04,0.19,1,110.4,99.8,2928.4,55.8828,100308,,,,,,,,,,,
12/1/1986,6.91,0.87,1,110.8,99.7,2997.1,56.4269,100509,,,,,,,,,,,
1/1/1987,6.43,-0.48,0,111.4,100.5,2935.5,56.2123,100678,,,,,,,,,,,
2/1/1987,6.1,-0.33,0,111.8,101,3001.7,56.9589,100919,,,,,,,,,,,
3/1/1987,6.13,0.03,1,112.2,101.2,3013.3,57.0365,101164,,,,,,,,,,,
4/1/1987,6.37,0.24,1,112.7,101.9,3038.8,57.3995,101499,,,,,,,,,,,
5/1/1987,6.85,0.48,1,113,102.6,3048.4,57.7653,101728,,,,,,,,,,,
6/1/1987,6.73,-0.12,0,113.5,103,3072.8,58.0726,101900,,,,,,,,,,,
7/1/1987,6.58,-0.15,0,113.8,103.5,3094.7,58.4772,102247,,,,,,,,,,,
8/1/1987,6.73,0.15,1,114.3,103.8,3130.8,58.9076,102420,,,,,,,,,,,
9/1/1987,7.22,0.49,1,114.7,103.7,3126.5,59.1237,102647,,,,,,,,,,,
10/1/1987,7.29,0.07,1,115,104.1,3134.5,59.9408,103138,,,,,,,,,,,
11/1/1987,6.69,-0.6,0,115.4,104.2,3144.2,60.2323,103372,,,,,,,,,,,
12/1/1987,6.77,0.08,1,115.6,104.2,3174.1,60.5629,103661,,,,,,,,,,,
1/1/1988,6.83,0.06,1,116,104.6,3213.7,60.564,103753,,,,,,,,,,,
2/1/1988,6.58,-0.25,0,116.2,104.8,3221.4,60.8632,104214,,,,,,,,,,,
3/1/1988,6.58,0,0,116.5,104.9,3260.5,61.0006,104489,,,,,,,,,,,
4/1/1988,6.87,0.29,1,117.2,105.8,3263,61.3536,104732,,,,,,,,,,,
5/1/1988,7.09,0.22,1,117.5,106.5,3293.6,61.2454,104962,,,,,,,,,,,
6/1/1988,7.51,0.42,1,118,107.2,3318.5,61.4107,105326,,,,,,,,,,,
7/1/1988,7.75,0.24,1,118.5,107.9,3342.7,61.4169,105550,,,,,,,,,,,
8/1/1988,8.01,0.26,1,119,108,3368,61.7365,105674,,,,,,,,,,,
9/1/1988,8.19,0.18,1,119.5,108.1,3375,61.5395,106013,,,,,,,,,,,
10/1/1988,8.3,0.11,1,119.9,108.2,3413.7,61.7996,106276,,,,,,,,,,,
11/1/1988,8.35,0.05,1,120.3,108.3,3430.2,61.9552,106617,,,,,,,,,,,
12/1/1988,8.76,0.41,1,120.7,109,3459.7,62.2362,106898,,,,,,,,,,,
1/1/1989,9.12,0.36,1,121.2,110.5,3483.7,62.4165,107161,,,,,,,,,,,
2/1/1989,9.36,0.24,1,121.6,110.8,3488,62.1423,107427,,,,,,,,,,,
3/1/1989,9.85,0.49,1,122.2,111.5,3498.8,62.3049,107621,,,,,,,,,,,
4/1/1989,9.84,-0.01,0,123.1,112.3,3543,62.2966,107791,,,,,,,,,,,
5/1/1989,9.81,-0.03,0,123.7,113.2,3551.8,61.9483,107913,,,,,,,,,,,
6/1/1989,9.53,-0.28,0,124.1,112.9,3566.6,61.9423,108027,,,,,,,,,,,
7/1/1989,9.24,-0.29,0,124.5,112.8,3585.7,61.3334,108069,,,,,,,,,,,
8/1/1989,8.99,-0.25,0,124.5,112,3620.6,61.9394,108120,,,,,,,,,,,
9/1/1989,9.02,0.03,1,124.8,112.4,3621.9,61.7394,108369,,,,,,,,,,,
10/1/1989,8.84,-0.18,0,125.4,112.8,3633.6,61.6605,108476,,,,,,,,,,,
11/1/1989,8.55,-0.29,0,125.9,112.7,3643.3,61.8627,108752,,,,,,,,,,,
12/1/1989,8.45,-0.1,0,126.3,113,3684.2,62.2192,108836,,,,,,,,,,,
1/1/1990,8.23,-0.22,0,127.5,114.9,3730.7,61.9021,109199,,,,,,,,,,,
2/1/1990,8.24,0.01,1,128,114.4,3728.2,62.464,109435,,,,,,,,,,,
3/1/1990,8.28,0.04,1,128.6,114.2,3754.9,62.7645,109644,,,,,,,,,,,
4/1/1990,8.26,-0.02,0,128.9,114.1,3770,62.6499,109686,,,,,,,,,,,
5/1/1990,8.18,-0.08,0,129.1,114.6,3775.8,62.8126,109839,,,,,,,,,,,
6/1/1990,8.29,0.11,1,129.9,114.3,3804.5,63.0256,109856,,,,,,,,,,,
7/1/1990,8.15,-0.14,0,130.5,114.5,3821.7,62.9353,109824,,,,,,,,,,,
8/1/1990,8.13,-0.02,0,131.6,116.5,3848.3,63.172,109616,,,,,,,,,,,
9/1/1990,8.2,0.07,1,132.5,118.4,3870.1,63.1832,109518,,,,,,,,,,,
10/1/1990,8.11,-0.09,0,133.4,120.8,3870.6,62.7886,109367,,,,,,,,,,,
11/1/1990,7.81,-0.3,0,133.7,120.1,3871.9,62.0154,109214,,,,,,,,,,,
12/1/1990,7.31,-0.5,0,134.2,118.7,3861.3,61.5915,109166,,,,,,,,,,,
1/1/1991,6.91,-0.4,0,134.7,119,3841,61.3624,109055,,,,,,,,,,,
2/1/1991,6.25,-0.66,0,134.8,117.2,3866.7,60.9255,108734,,,,,,,,,,,
3/1/1991,6.12,-0.13,0,134.8,116.2,3913,60.5853,108574,,,,,,,,,,,
4/1/1991,5.91,-0.21,0,135.1,116,3907.1,60.7604,108364,,,,,,,,,,,
5/1/1991,5.78,-0.13,0,135.6,116.5,3933.2,61.3572,108249,,,,,,,,,,,
6/1/1991,5.9,0.12,1,136,116.4,3940.5,61.8396,108334,,,,,,,,,,,
7/1/1991,5.82,-0.08,0,136.2,116.1,3966,62.0065,108292,,,,,,,,,,,
8/1/1991,5.66,-0.16,0,136.6,116.2,3969.1,62.0141,108310,,,,,,,,,,,
9/1/1991,5.45,-0.21,0,137,116.1,3984.7,62.5457,108336,,,,,,,,,,,
10/1/1991,5.21,-0.24,0,137.2,116.4,3976,62.4572,108357,,,,,,,,,,,
11/1/1991,4.81,-0.4,0,137.8,116.4,4003.6,62.371,108296,,,,,,,,,,,
12/1/1991,4.43,-0.38,0,138.2,115.9,4020.5,62.0999,108328,,,,,,,,,,,
1/1/1992,4.03,-0.4,0,138.3,115.6,4084.7,61.7744,108369,,,,,,,,,,,
2/1/1992,4.06,0.03,1,138.6,116,4099.5,62.2167,108311,,,,,,,,,,,
3/1/1992,3.98,-0.08,0,139.1,116.1,4117,62.7223,108365,,,,,,,,,,,
4/1/1992,3.73,-0.25,0,139.4,116.3,4131.5,63.1981,108519,,,,,,,,,,,
5/1/1992,3.82,0.09,1,139.7,117.2,4158.4,63.4008,108649,,,,,,,,,,,
6/1/1992,3.76,-0.06,0,140.1,118,4177.1,63.4358,108715,,,,,,,,,,,
7/1/1992,3.25,-0.51,0,140.5,117.9,4204.8,64.013,108793,,,,,,,,,,,
8/1/1992,3.3,0.05,1,140.8,117.7,4220.9,63.6652,108925,,,,,,,,,,,
9/1/1992,3.22,-0.08,0,141.1,118,4255.3,63.8563,108959,,,,,,,,,,,
10/1/1992,3.1,-0.12,0,141.7,118.1,4284.7,64.3089,109139,,,,,,,,,,,
11/1/1992,3.09,-0.01,0,142.1,117.8,4300.5,64.563,109272,,,,,,,,,,,
12/1/1992,2.92,-0.17,0,142.3,117.6,4336.4,64.6477,109495,,,,,,,,,,,
1/1/1993,3.02,0.1,1,142.8,118,4340.7,64.9199,109794,,,,,,,,,,,
2/1/1993,3.03,0.01,1,143.1,118.4,4355.3,65.2156,110044,,,,,,,,,,,
3/1/1993,3.07,0.04,1,143.3,118.7,4352.5,65.1605,109994,,,,,,,,,,,
4/1/1993,2.96,-0.11,0,143.8,119.3,4393.4,65.3503,110296,,,,,,,,,,,
5/1/1993,3,0.04,1,144.2,119.7,4422.4,65.0993,110568,,,,,,,,,,,
6/1/1993,3.04,0.04,1,144.3,119.5,4440,65.2428,110749,,,,,,,,,,,
7/1/1993,3.06,0.02,1,144.5,119.2,4468.9,65.3988,111055,,,,,,,,,,,
8/1/1993,3.03,-0.03,0,144.8,118.7,4481.1,65.3265,111206,,,,,,,,,,,
9/1/1993,3.09,0.06,1,145,118.7,4511.5,65.6562,111448,,,,,,,,,,,
10/1/1993,2.99,-0.1,0,145.6,119.1,4532.8,66.1632,111733,,,,,,,,,,,
11/1/1993,3.02,0.03,1,146,119,4554.1,66.4831,111984,,,,,,,,,,,
12/1/1993,2.96,-0.06,0,146.3,118.6,4571.1,66.8399,112314,,,,,,,,,,,
1/1/1994,3.05,0.09,1,146.3,119.1,4585.1,67.0596,112595,,,,,,,,,,,
2/1/1994,3.25,0.2,1,146.7,119.3,4632.6,67.106,112781,,,,,,,,,,,
3/1/1994,3.34,0.09,1,147.1,119.7,4646,67.7792,113242,,,,,,,,,,,
4/1/1994,3.56,0.22,1,147.2,119.7,4671.1,68.1906,113586,,,,,,,,,,,
5/1/1994,4.01,0.45,1,147.5,119.9,4669.5,68.5136,113921,,,,,,,,,,,
6/1/1994,4.25,0.24,1,147.9,120.5,4708.9,68.9608,114238,,,,,,,,,,,
7/1/1994,4.26,0.01,1,148.4,120.7,4720.6,69.0536,114610,,,,,,,,,,,
8/1/1994,4.47,0.21,1,149,121.2,4762.6,69.5074,114896,,,,,,,,,,,
9/1/1994,4.73,0.26,1,149.3,121,4775,69.7304,115247,,,,,,,,,,,
10/1/1994,4.76,0.03,1,149.4,120.9,4812.9,70.2734,115458,,,,,,,,,,,
11/1/1994,5.29,0.53,1,149.8,121.5,4825.6,70.7471,115869,,,,,,,,,,,
12/1/1994,5.45,0.16,1,150.1,121.9,4841.6,71.4653,116165,,,,,,,,,,,
1/1/1995,5.53,0.08,1,150.5,122.9,4851.2,71.5873,116501,,,,,,,,,,,
2/1/1995,5.92,0.39,1,150.9,123.5,4850.8,71.4827,116697,,,,,,,,,,,
3/1/1995,5.98,0.06,1,151.2,123.9,4885.4,71.5962,116907,,,,,,,,,,,
4/1/1995,6.05,0.07,1,151.8,124.6,4890.2,71.4939,117069,,,,,,,,,,,
5/1/1995,6.01,-0.04,0,152.1,124.9,4933.1,71.8245,117049,,,,,,,,,,,
6/1/1995,6,-0.01,0,152.4,125.3,4977.5,72.0577,117286,,,,,,,,,,,
7/1/1995,5.85,-0.15,0,152.6,125.3,4970.2,71.7421,117380,,,,,,,,,,,
8/1/1995,5.74,-0.11,0,152.9,125.1,5005.3,72.6863,117634,,,,,,,,,,,
9/1/1995,5.8,0.06,1,153.1,125.2,5020.5,72.989,117875,,,,,,,,,,,
10/1/1995,5.76,-0.04,0,153.5,125.3,5013.9,72.8743,118031,,,,,,,,,,,
11/1/1995,5.8,0.04,1,153.7,125.4,5055.6,73.0432,118175,,,,,,,,,,,
12/1/1995,5.6,-0.2,0,153.9,125.7,5097.5,73.3148,118320,,,,,,,,,,,
1/1/1996,5.56,-0.04,0,154.7,126.3,5085.7,72.9017,118316,,,,,,,,,,,
2/1/1996,5.22,-0.34,0,155,126.2,5132.8,73.955,118739,,,,,,,,,,,
3/1/1996,5.31,0.09,1,155.5,126.4,5173.3,73.8546,118993,,,,,,,,,,,
4/1/1996,5.22,-0.09,0,156.1,127.4,5208,74.6152,119158,,,,,,,,,,,
5/1/1996,5.24,0.02,1,156.4,128.1,5223.8,75.15,119486,,,,,,,,,,,
6/1/1996,5.27,0.03,1,156.7,128,5229.8,75.719,119769,,,,,,,,,,,
7/1/1996,5.4,0.13,1,157,128,5251.9,75.7189,120015,,,,,,,,,,,
8/1/1996,5.22,-0.18,0,157.2,128.3,5275,76.0875,120199,,,,,,,,,,,
9/1/1996,5.3,0.08,1,157.7,128.2,5296.6,76.5959,120410,,,,,,,,,,,
10/1/1996,5.24,-0.06,0,158.2,128,5328.5,76.5662,120665,,,,,,,,,,,
11/1/1996,5.31,0.07,1,158.7,128.2,5351.2,77.2493,120961,,,,,,,,,,,
12/1/1996,5.29,-0.02,0,159.1,129.1,5378.6,77.7342,121143,,,,,,,,,,,
1/1/1997,5.25,-0.04,0,159.4,129.7,5411.1,77.8711,121363,,,,,,,,,,,
2/1/1997,5.19,-0.06,0,159.7,128.5,5434,78.7993,121675,,,,,,,,,,,
3/1/1997,5.39,0.2,1,159.8,127.3,5454.2,79.2746,121990,,,,,,,,,,,
4/1/1997,5.51,0.12,1,159.9,127,5459.3,79.3464,122286,,,,,,,,,,,
5/1/1997,5.5,-0.01,0,159.9,127.4,5460.2,79.773,122546,,,,,,,,,,,
6/1/1997,5.56,0.06,1,160.2,127.2,5494.2,80.1365,122814,,,,,,,,,,,
7/1/1997,5.52,-0.04,0,160.4,126.9,5548.8,80.7798,123111,,,,,,,,,,,
8/1/1997,5.54,0.02,1,160.8,127.2,5587,81.6119,123093,,,,,,,,,,,
9/1/1997,5.54,0,0,161.2,127.5,5601.7,82.4022,123585,,,,,,,,,,,
10/1/1997,5.5,-0.04,0,161.5,127.8,5637.7,83.1064,123929,,,,,,,,,,,
11/1/1997,5.52,0.02,1,161.7,127.9,5661.1,83.7534,124235,,,,,,,,,,,
12/1/1997,5.5,-0.02,0,161.8,126.8,5692.1,84.1331,124549,,,,,,,,,,,
1/1/1998,5.56,0.06,1,162,125.4,5689.9,84.5113,124812,,,,,,,,,,,
2/1/1998,5.51,-0.05,0,162,125,5723.8,84.6409,125016,,,,,,,,,,,
3/1/1998,5.49,-0.02,0,162,124.7,5750.3,84.6684,125164,,,,,,,,,,,
4/1/1998,5.45,-0.04,0,162.2,124.9,5788.1,84.9827,125442,,,,,,,,,,,
5/1/1998,5.49,0.04,1,162.6,125.1,5837.9,85.5129,125844,,,,,,,,,,,
6/1/1998,5.56,0.07,1,162.8,124.8,5871.7,84.998,126076,,,,,,,,,,,
7/1/1998,5.54,-0.02,0,163.2,124.9,5890,84.6664,126205,,,,,,,,,,,
8/1/1998,5.55,0.01,1,163.4,124.2,5925,86.4183,126544,,,,,,,,,,,
9/1/1998,5.51,-0.04,0,163.5,123.8,5965.6,86.3287,126752,,,,,,,,,,,
10/1/1998,5.07,-0.44,0,163.9,124,5998.8,86.9767,126954,,,,,,,,,,,
11/1/1998,4.83,-0.24,0,164.1,123.6,6015.4,86.9005,127231,,,,,,,,,,,
12/1/1998,4.68,-0.15,0,164.4,122.8,6070.5,87.2514,127596,,,,,,,,,,,
1/1/1999,4.63,-0.05,0,164.7,122.9,6073.9,87.6357,127702,,,,,,,,,,,
2/1/1999,4.76,0.13,1,164.7,122.3,6099.2,88.1298,128120,,,,,,,,,,,
3/1/1999,4.81,0.05,1,164.8,122.6,6133,88.2987,128227,,,,,,,,,,,
4/1/1999,4.74,-0.07,0,165.9,123.6,6199.5,88.4947,128597,,,,,,,,,,,
5/1/1999,4.74,0,0,166,124.7,6232.1,89.0447,128808,,,,,,,,,,,
6/1/1999,4.76,0.02,1,166,125.2,6260.3,88.9802,129089,,,,,,,,,,,
7/1/1999,4.99,0.23,1,166.7,125.7,6287.6,89.5155,129414,,,,,,,,,,,
8/1/1999,5.07,0.08,1,167.1,126.9,6331.9,89.8984,129569,,,,,,,,,,,
9/1/1999,5.22,0.15,1,167.8,128,6386.5,89.496,129772,,,,,,,,,,,
10/1/1999,5.2,-0.02,0,168.1,127.7,6411.4,90.6725,130177,,,,,,,,,,,
11/1/1999,5.42,0.22,1,168.4,128.3,6448.7,91.1438,130466,,,,,,,,,,,
12/1/1999,5.3,-0.12,0,168.8,127.8,6541,91.8444,130772,,,,,,,,,,,
1/1/2000,5.45,0.15,1,169.3,128.3,6542.9,91.7942,131005,,,,,,,,,,,
2/1/2000,5.73,0.28,1,170,129.8,6625.3,92.1272,131124,,,,,,,,,,,
3/1/2000,5.85,0.12,1,171,130.8,6686.5,92.4733,131596,,,,,,,,,,,
4/1/2000,6.02,0.17,1,170.9,130.7,6679.1,93.0619,131888,,,,,,,,,,,
5/1/2000,6.27,0.25,1,171.2,131.6,6709.7,93.3427,132105,,,,,,,,,,,
6/1/2000,6.53,0.26,1,172.2,133.8,6746.9,93.3908,132061,,,,,,,,,,,
7/1/2000,6.54,0.01,1,172.7,133.7,6768.5,93.204,132236,,,,,,,,,,,
8/1/2000,6.5,-0.04,0,172.7,132.9,6802.8,92.9637,132230,,,,,,,,,,,
9/1/2000,6.52,0.02,1,173.6,134.7,6888.6,93.3533,132353,,,,,,,,,,,
10/1/2000,6.51,-0.01,0,173.9,135.4,6893.8,93.0019,132351,,,,,,,,,,,
11/1/2000,6.51,0,0,174.2,135,6909.8,93.0137,132556,,,,,,,,,,,
12/1/2000,6.4,-0.11,0,174.6,136.2,6952.2,92.7388,132709,,,,,,,,,,,
1/1/2001,5.98,-0.42,0,175.6,140,6987.4,92.2054,132698,,,,,,,,,,,
2/1/2001,5.49,-0.49,0,176,137.4,7001.8,91.5813,132789,,,,,,,,,,,
3/1/2001,5.31,-0.18,0,176.1,135.9,6996.7,91.3567,132747,,,,,,,,,,,
4/1/2001,4.8,-0.51,0,176.4,136.4,7004.2,91.072,132463,,,,,,,,,,,
5/1/2001,4.21,-0.59,0,177.3,136.8,7052.8,90.5335,132410,,,,,,,,,,,
6/1/2001,3.97,-0.24,0,177.7,135.5,7069.7,90.0322,132299,,,,,,,,,,,
7/1/2001,3.77,-0.2,0,177.4,133.4,7082.3,89.4778,132177,,,,,,,,,,,
8/1/2001,3.65,-0.12,0,177.4,133.4,7121.7,89.3838,132028,,,,,,,,,,,
9/1/2001,3.07,-0.58,0,178.1,133.3,7007,88.9262,131771,,,,,,,,,,,
10/1/2001,2.49,-0.58,0,177.6,130.3,7212.9,88.6365,131454,,,,,,,,,,,
11/1/2001,2.09,-0.4,0,177.5,129.8,7182.3,88.1058,131142,,,,,,,,,,,
12/1/2001,1.82,-0.27,0,177.4,128.1,7166.7,88.0897,130982,,,,,,,,,,,
1/1/2002,1.73,-0.09,0,177.7,128.5,7184.6,88.6706,130852,,,,,,,,,,,
2/1/2002,1.74,0.01,1,178,128.4,7225.2,88.6723,130736,,,,,,,,,,,
3/1/2002,1.73,-0.01,0,178.5,129.8,7243.4,89.3624,130717,,,,,,,,,,,
4/1/2002,1.75,0.02,1,179.3,130.8,7312.5,89.7933,130623,,,,,,,,,,,
5/1/2002,1.75,0,0,179.5,130.8,7288.9,90.1629,130634,,,,,,,,,,,
6/1/2002,1.75,0,0,179.6,130.9,7322.5,90.9078,130684,,,,,,,,,,,
7/1/2002,1.73,-0.02,0,180,131.2,7387.3,90.8761,130590,,,,,,,,,,,
8/1/2002,1.74,0.01,1,180.5,131.5,7412.6,90.785,130587,,,,,,,,,,,
9/1/2002,1.75,0.01,1,180.8,132.3,7391.5,90.8931,130501,,,,,,,,,,,
10/1/2002,1.75,0,0,181.2,133.2,7435.2,90.6289,130628,,,,,,,,,,,
11/1/2002,1.34,-0.41,0,181.5,133.1,7463.8,91.1366,130615,,,,,,,,,,,
12/1/2002,1.24,-0.1,0,181.8,132.9,7519.9,90.6374,130472,,,,,,,,,,,
1/1/2003,1.24,0,0,182.6,135.3,7541.3,91.3852,130580,,,,,,,,,,,
2/1/2003,1.26,0.02,1,183.6,137.6,7548.6,91.494,130444,,,,,,,,,,,
3/1/2003,1.25,-0.01,0,183.9,141.2,7611.5,91.221,130232,,,,,,,,,,,
4/1/2003,1.26,0.01,1,183.2,136.8,7634.5,90.6448,130177,,,,,,,,,,,
5/1/2003,1.26,0,0,182.9,136.7,7650.3,90.6163,130196,,,,,,,,,,,
6/1/2003,1.22,-0.04,0,183.1,138,7699.6,90.7372,130194,,,,,,,,,,,
7/1/2003,1.01,-0.21,0,183.7,137.7,7757,91.2028,130191,,,,,,,,,,,
8/1/2003,1.03,0.02,1,184.5,138,7852.1,91.0119,130149,,,,,,,,,,,
9/1/2003,1.01,-0.02,0,185.1,138.5,7853.7,91.6355,130254,,,,,,,,,,,
10/1/2003,1.01,0,0,184.9,139.3,7867.4,91.7372,130454,,,,,,,,,,,
11/1/2003,1,-0.01,0,185,138.9,7922.6,92.3505,130474,,,,,,,,,,,
12/1/2003,0.98,-0.02,0,185.5,139.5,7950.4,92.4019,130588,,,,,,,,,,,
1/1/2004,1,0.02,1,186.3,141.4,8007.1,92.5643,130769,,,,,,,,,,,
2/1/2004,1.01,0.01,1,186.7,142.1,8040.4,93.1092,130825,,,,,,,,,,,
3/1/2004,1,-0.01,0,187.1,143.1,8098.8,92.7403,131142,,,,,,,,,,,
4/1/2004,1,0,0,187.4,144.8,8107.2,93.1255,131411,,,,,,,,,,,
5/1/2004,1,0,0,188.2,146.8,8176.5,93.797,131694,,,,,,,,,,,
6/1/2004,1.03,0.03,1,188.9,147.2,8157.6,93.0677,131793,,,,,,,,,,,
7/1/2004,1.26,0.23,1,189.1,147.4,8236.9,93.7646,131848,,,,,,,,,,,
8/1/2004,1.43,0.17,1,189.2,148,8271.6,93.8516,131937,,,,,,,,,,,
9/1/2004,1.61,0.18,1,189.8,147.7,8341.5,93.9393,132093,,,,,,,,,,,
10/1/2004,1.76,0.15,1,190.8,150,8397.1,94.8012,132447,,,,,,,,,,,
11/1/2004,1.93,0.17,1,191.7,151.4,8444.5,95.0379,132503,,,,,,,,,,,
12/1/2004,2.16,0.23,1,191.7,150.2,8504.4,95.7433,132624,,,,,,,,,,,
1/1/2005,2.28,0.12,1,191.6,150.9,8497.7,96.1164,132774,,,,,,,,,,,
2/1/2005,2.5,0.22,1,192.4,151.6,8559.1,96.82,133032,,,,,,,,,,,
3/1/2005,2.63,0.13,1,193.1,153.7,8598.4,96.6725,133156,,,,,,,,,,,
4/1/2005,2.79,0.16,1,193.7,155,8678.4,96.8638,133518,,,,,,,,,,,
5/1/2005,3,0.21,1,193.6,154.3,8671.6,96.9622,133690,,,,,,,,,,,
6/1/2005,3.04,0.04,1,193.7,154.3,8753.4,97.353,133942,,,,,,,,,,,
7/1/2005,3.26,0.22,1,194.9,156.3,8853.8,97.0425,134296,,,,,,,,,,,
8/1/2005,3.5,0.24,1,196.1,157.6,8850.1,97.3856,134498,,,,,,,,,,,
9/1/2005,3.62,0.12,1,198.8,162.2,8900.4,95.509,134566,,,,,,,,,,,
10/1/2005,3.78,0.16,1,199.1,166.2,8938.5,96.6445,134655,,,,,,,,,,,
11/1/2005,4,0.22,1,198.1,163.7,8946.2,97.6736,134993,,,,,,,,,,,
12/1/2005,4.16,0.16,1,198.1,163,8981.1,98.2108,135149,,,,,,,,,,,
1/1/2006,4.29,0.13,1,199.3,164.3,9071.6,98.3353,135429,,,,,,,,,,,
2/1/2006,4.49,0.2,1,199.4,161.8,9096,98.3412,135737,,,,,,,,,,,
3/1/2006,4.59,0.1,1,199.7,162.2,9132.9,98.5915,136047,,,,,,,,,,,
4/1/2006,4.79,0.2,1,200.7,164.3,9191.6,98.9042,136205,,,,,,,,,,,
5/1/2006,4.94,0.15,1,201.3,165.8,9231.8,98.8999,136244,,,,,,,,,,,
6/1/2006,4.99,0.05,1,201.8,166.1,9259.6,99.209,136325,,,,,,,,,,,
7/1/2006,5.24,0.25,1,202.9,166.8,9343.8,99.1473,136520,,,,,,,,,,,
8/1/2006,5.25,0.01,1,203.8,167.9,9342.2,99.5815,136694,,,,,,,,,,,
9/1/2006,5.25,0,0,202.8,165.4,9375.4,99.4133,136843,,,,,,,,,,,
10/1/2006,5.25,0,0,201.9,162.2,9393.6,99.2931,136852,,,,,,,,,,,
11/1/2006,5.25,0,0,202,164.6,9400.2,99.2376,137063,,,,,,,,,,,
12/1/2006,5.24,-0.01,0,203.1,165.6,9488.3,100.2526,137249,,,,,,,,,,,
1/1/2007,5.25,0.01,1,203.437,164,9538.7,99.86,137477,,,,,,,,,,,
2/1/2007,5.26,0.01,1,204.226,166.8,9566,100.8096,137558,,,,,,,,,,,
3/1/2007,5.26,0,0,205.288,169.3,9611.7,101.0257,137793,,,,,,,,,,,
4/1/2007,5.25,-0.01,0,205.904,171.4,9643.6,101.7497,137842,,,,,,,,,,,
5/1/2007,5.25,0,0,206.755,173.3,9685.8,101.8148,137993,,,,,,,,,,,
6/1/2007,5.25,0,0,207.234,173.8,9706.8,101.8424,138069,,,,,,,,,,,
7/1/2007,5.26,0.01,1,207.603,175.1,9751.1,101.7209,138038,,,,,,,,,,,
8/1/2007,5.02,-0.24,0,207.667,172.4,9798.9,101.9639,138015,,,,,,,,,,,
9/1/2007,4.94,-0.08,0,208.547,173.5,9845.1,102.2023,138095,,,,,,,,,,,
10/1/2007,4.76,-0.18,0,209.19,174.7,9882.7,101.8873,138174,,,,,,,,,,,
11/1/2007,4.49,-0.27,0,210.834,179,9955.9,102.4717,138284,,,,,,,,,,,
12/1/2007,4.24,-0.25,0,211.445,178.6,9972.8,102.4621,138392,,,,,,,,,,,
1/1/2008,3.94,-0.3,0,212.174,181,9996.4,102.3148,138403,,,,,,,,,,,
2/1/2008,2.98,-0.96,0,212.687,182.7,9981.7,101.9384,138324,,,,,,,,,,,
3/1/2008,2.61,-0.37,0,213.448,187.9,10035.3,101.5904,138275,,,,,,,,,,,
4/1/2008,2.28,-0.33,0,213.942,190.9,10070.3,100.9098,138035,,,,,,,,,,,
5/1/2008,1.98,-0.3,0,215.208,196.6,10132.3,100.3073,137858,,,,,,,,,,,
6/1/2008,2,0.02,1,217.463,200.5,10187.1,100.0853,137687,,,,,,,,,,,
7/1/2008,2.01,0.01,1,219.016,205.5,10185.1,99.6124,137491,,,,,,,,,,,
8/1/2008,2,-0.01,0,218.69,199,10175.7,98.0601,137213,,,,,,,,,,,
9/1/2008,1.81,-0.19,0,218.877,196.9,10116.4,93.8451,136753,,,,,,,,,,,
10/1/2008,0.97,-0.84,0,216.995,186.4,10034.1,94.7036,136272,,,,,,,,,,,
11/1/2008,0.39,-0.58,0,213.153,176.8,9885.2,93.4737,135545,,,,,,,,,,,
12/1/2008,0.16,-0.23,0,211.398,170.9,9801.5,90.825,134839,,,,,,,,,,,
1/1/2009,0.15,-0.01,0,211.933,171.2,9847.2,88.583,134055,,,,,,,,,,,
2/1/2009,0.22,0.07,1,212.705,169.3,9824.5,88.0069,133312,,,,,,,,,,,
3/1/2009,0.18,-0.04,0,212.495,168.1,9773.2,86.6045,132512,,,,,,,,,,,
4/1/2009,0.15,-0.03,0,212.709,169.1,9772.5,85.9406,131817,,,,,,,,,,,
5/1/2009,0.18,0.03,1,213.022,170.8,9791.6,85.0635,131475,,,,,,,,,,,
6/1/2009,0.21,0.03,1,214.79,174.1,9852.4,84.7841,131008,,,,,,,,,,,
7/1/2009,0.16,-0.05,0,214.726,172.5,9886.3,85.7471,130668,,,,,,,,,,,
8/1/2009,0.16,0,0,215.445,175,10004.1,86.7094,130485,,,,,,,,,,,
9/1/2009,0.15,-0.01,0,215.861,174.1,9927.8,87.4072,130244,,,,,,,,,,,
10/1/2009,0.12,-0.03,0,216.509,175.2,9976.7,87.6595,130045,,,,,,,,,,,
11/1/2009,0.12,0,0,217.234,177.4,9985.7,88.0061,130057,,,,,,,,,,,
12/1/2009,0.12,0,0,217.347,178.1,10052.6,88.2819,129788,,,,,,,,,,,
1/1/2010,0.11,-0.01,0,217.488,181.9,10056.1,89.2744,129790,,,,,,,,,,,
2/1/2010,0.13,0.02,1,217.281,181,10093.4,89.5648,129698,,,,,,,,,,,
3/1/2010,0.16,0.03,1,217.353,183.3,10156,90.2296,129879,,,,,,,,,,,
4/1/2010,0.2,0.04,1,217.403,184.4,10182.3,90.5689,130110,,,,,,,,,,,
5/1/2010,0.2,0,0,217.29,184.8,10210.8,91.8247,130650,,,,,,,,,,,
6/1/2010,0.18,-0.02,0,217.199,183.5,10231.3,92.007,130511,,,,,,,,,,,
7/1/2010,0.18,0,0,217.605,184.1,10268.1,92.3967,130427,,,,,,,,,,,
8/1/2010,0.19,0.01,1,217.923,184.9,10307.1,92.7118,130422,,,,,,,,,,,
9/1/2010,0.19,0,0,218.275,184.9,10327.1,92.9252,130357,,,,,,,,,,,
10/1/2010,0.19,0,0,219.035,186.6,10386.4,92.7115,130625,,,,,,,,,,,
11/1/2010,0.19,0,0,219.59,187.7,10433.6,92.7535,130750,,,,,,,,,,,
12/1/2010,0.18,-0.01,0,220.472,189.7,10471,93.6492,130822,,,,,,,,,,,
1/1/2011,0.17,-0.01,0,221.187,192.7,10514.3,93.4768,130841,,,,,,,,,,,
2/1/2011,0.16,-0.01,0,221.898,195.8,10540.6,93.0617,131053,,,,,,,,,,,
3/1/2011,0.14,-0.02,0,223.046,199.2,10619.7,94.0244,131288,,,,,,,,,,,
4/1/2011,0.1,-0.04,0,224.093,203.1,10652.1,93.7011,131602,,,,,,,,,,,
5/1/2011,0.09,-0.01,0,224.806,204.1,10672.2,93.849,131703,,,,,,,,,,,
6/1/2011,0.09,0,0,224.806,203.9,10694.8,94.0844,131939,,,,,,,,,,,
7/1/2011,0.07,-0.02,0,225.395,204.6,10731.6,94.5881,131999,,,,,,,,,,,
8/1/2011,0.1,0.03,1,226.106,203.2,10750.3,95.1605,132125,,,,,,,,,,,
9/1/2011,0.08,-0.02,0,226.597,203.7,10783.2,95.0855,132358,,,,,,,,,,,
10/1/2011,0.07,-0.01,0,226.75,201.1,10802.9,95.6902,132562,,,,,,,,,,,
11/1/2011,0.08,0.01,1,227.169,201.4,10806.8,95.7307,132694,,,,,,,,,,,
12/1/2011,0.07,-0.01,0,227.223,199.8,10817.8,96.2047,132896,,,,,,,,,,,
1/1/2012,0.08,0.01,1,227.842,200.7,10896.8,96.7772,133250,,,,,,,,,,,
2/1/2012,0.1,0.02,1,228.329,201.6,10987.2,97.051,133512,,,,,,,,,,,
3/1/2012,0.13,0.03,1,228.807,204.2,10993.9,96.5714,133752,,,,,,,,,,,
4/1/2012,0.14,0.01,1,229.187,203.7,11018.5,97.3139,133834,,,,,,,,,,,
5/1/2012,0.16,0.02,1,228.713,201.9,11006.8,97.4669,133934,,,,,,,,,,,
6/1/2012,0.16,0,0,228.524,199.8,10989.8,97.4577,134007,,,,,,,,,,,
7/1/2012,0.16,0,0,228.59,200.1,11016.8,97.6786,134159,,,,,,,,,,,
8/1/2012,0.13,-0.03,0,229.918,202.7,11056,97.2842,134331,,,,,,,,,,,
9/1/2012,0.14,0.01,1,231.015,204.4,11105.3,97.2295,134518,,,,,,,,,,,
10/1/2012,0.16,0.02,1,231.638,203.5,11137.4,97.5344,134677,,,,,,,,,,,
11/1/2012,0.16,0,0,231.249,201.8,11178.4,97.9837,134833,,,,,,,,,,,
12/1/2012,0.16,0,0,231.221,201.5,11181.2,98.2122,135072,,,,,,,,,,,
1/1/2013,0.14,-0.02,0,231.679,202.5,11245.8,98.1664,135263,,,,,,,,,,,
2/1/2013,0.15,0.01,1,232.937,204.3,11282.1,98.6458,135541,,,,,,,,,,,
3/1/2013,0.14,-0.01,0,232.282,204,11268.9,99.0597,135680,,,,,,,,,,,
4/1/2013,0.15,0.01,1,231.797,203.5,11259.3,98.9927,135871,,,,,,,,,,,
5/1/2013,0.11,-0.04,0,231.893,204.1,11295.1,99.0726,136093,,,,,,,,,,,
6/1/2013,0.09,-0.02,0,232.445,204.3,11318.5,99.2065,136274,,,,,,,,,,,
7/1/2013,0.09,0,0,232.9,204.4,11346.8,98.9204,136386,,,,,,,,,,,
8/1/2013,0.08,-0.01,0,233.456,204.2,11376.9,99.4996,136628,,,,,,,,,,,
9/1/2013,0.08,0,0,233.544,203.9,11413.9,100.0568,136815,,,,,,,,,,,
10/1/2013,0.09,0.01,1,233.669,202.5,11465.2,99.9168,137040,,,,,,,,,,,
11/1/2013,0.08,-0.01,0,234.1,201.2,11531.3,100.1762,137304,,,,,,,,,,,
12/1/2013,0.09,0.01,1,234.719,202,11558.6,100.3658,137373,,,,,,,,,,,
1/1/2014,0.07,-0.02,0,235.288,203.8,11543.7,100.038,137548,,,,,,,,,,,
2/1/2014,0.07,0,0,235.547,205.7,11615.4,100.7918,137714,,,,,,,,,,,
3/1/2014,0.08,0.01,1,236.028,207,11695.2,101.7782,137968,,,,,,,,,,,
4/1/2014,0.09,0.01,1,236.468,208.3,11737.4,101.8337,138293,,,,,,,,,,,
5/1/2014,0.09,0,0,236.918,208,11778.6,102.2325,138511,,,,,,,,,,,
6/1/2014,0.1,0.01,1,237.231,208.3,11838,102.5722,138837,,,,,,,,,,,
7/1/2014,0.09,-0.01,0,237.498,208,11879.2,102.8479,139069,,,,,,,,,,,
8/1/2014,0.09,0,0,237.46,207,11958.8,102.6491,139257,,,,,,,,,,,
9/1/2014,0.09,0,0,237.477,206.4,11964.9,102.9858,139566,,,,,,,,,,,
10/1/2014,0.09,0,0,237.43,203.4,12035.5,102.9911,139818,,,,,,,,,,,
11/1/2014,0.09,0,0,236.983,200.9,12058.4,103.6669,140109,,,,,,,,,,,
12/1/2014,0.12,0.03,1,236.252,197,12067.6,103.6139,140377,,,,,,,,,,,
1/1/2015,0.11,-0.01,0,234.747,192,12036.5,102.8479,140568,,,,,,,,,,,
2/1/2015,0.11,0,0,235.342,191.1,12083.1,102.2292,140839,,,,,,,,,,,
3/1/2015,0.11,0,0,235.976,191.5,12132.2,101.8945,140910,,,,,,,,,,,
4/1/2015,0.12,0.01,1,236.222,190.9,12170.3,101.2859,141194,,,,,,,,,,,
5/1/2015,0.12,0,0,237.001,193.4,12233.6,100.8408,141525,,,,,,,,,,,
6/1/2015,0.13,0.01,1,237.657,194.8,12270.3,100.5063,141699,,,,,,,,,,,
7/1/2015,0.13,0,0,238.034,193.9,12327.5,101.1831,142001,,,,,,,,,,,
8/1/2015,0.14,0.01,1,238.033,191.9,12359.3,100.9115,142126,,,,,,,,,,,
9/1/2015,0.14,0,0,237.498,189.1,12356.4,100.568,142281,,,,,,,,,,,
10/1/2015,0.12,-0.02,0,237.733,187.5,12362.3,100.1588,142587,,,,,,,,,,,
11/1/2015,0.12,0,0,238.017,185.7,12397.5,99.4099,142824,,,,,,,,,,,
12/1/2015,0.24,0.12,1,237.761,183.5,12432.8,98.8329,143097,,,,,,,,,,,
1/1/2016,0.34,0.1,1,237.652,182.6,12452.1,99.4797,143205,,,,,,,,,,,
2/1/2016,0.38,0.04,1,237.336,181.3,12526.3,98.9583,143417,,,,,,,,,,,
3/1/2016,0.36,-0.02,0,238.08,182.1,12506.8,98.1954,143654,,,,,,,,,,,
4/1/2016,0.37,0.01,1,238.992,183.2,12586,98.4673,143851,,,,,,,,,,,
5/1/2016,0.37,0,0,239.557,185.3,12624.4,98.2889,143892,,,,,,,,,,,
6/1/2016,0.38,0.01,1,240.222,187.6,12701.7,98.7201,144150,,,,,,,,,,,
7/1/2016,0.39,0.01,1,240.101,187.7,12720.6,98.8992,144521,,,,,,,,,,,
8/1/2016,0.4,0.01,1,240.545,186.6,12749.8,98.7249,144664,,,,,,,,,,,
9/1/2016,0.4,0,0,241.176,186.9,12806.8,98.606,144953,,,,,,,,,,,
10/1/2016,0.4,0,0,241.741,186.7,12828.1,98.6703,145071,,,,,,,,,,,
11/1/2016,0.41,0.01,1,242.026,186.3,12853.6,98.2288,145201,,,,,,,,,,,
12/1/2016,0.54,0.13,1,242.637,188.2,12962.9,98.8958,145415,,,,,,,,,,,
1/1/2017,0.65,0.11,1,243.618,190.7,13015.1,98.7446,145628,,,,,,,,,,,
2/1/2017,0.66,0.01,1,244.006,191.6,13034.7,98.3676,145818,,,,,,,,,,,
3/1/2017,0.79,0.13,1,243.892,191.5,13089.6,99.1065,145960,,,,,,,,,,,
4/1/2017,0.9,0.11,1,244.193,193,13127.7,100.0363,146165,,,,,,,,,,,
5/1/2017,0.91,0.01,1,244.004,192.8,13128.7,100.147,146388,,,,,,,,,,,
6/1/2017,1.04,0.13,1,244.163,193.6,13176.8,100.3042,146585,,,,,,,,,,,
7/1/2017,1.15,0.11,1,244.243,193.5,13198.3,100.2092,146768,,,,,,,,,,,
8/1/2017,1.16,0.01,1,245.183,193.8,13241,99.7055,146913,,,,,,,,,,,
9/1/2017,1.15,-0.01,0,246.435,194.8,13365.1,99.7485,147012,,,,,,,,,,,
10/1/2017,1.15,0,0,246.626,194.9,13394.8,100.988,147153,,,,,,,,,,,
11/1/2017,1.16,0.01,1,247.284,195.9,13495.7,101.273,147353,,,,,,,,,,,
12/1/2017,1.3,0.14,1,247.805,196.3,13601.8,101.3696,147529,,,,,,,,,,,
1/1/2018,1.41,0.11,1,248.743,197.9,13620.1,101.3561,147662,,,,,,,,,,,
2/1/2018,1.42,0.01,1,249.439,199.3,13657.2,101.6495,148064,,,,,,,,,,,
3/1/2018,1.51,0.09,1,249.581,199.3,13725,102.298,148289,,,,,,,,,,,
4/1/2018,1.69,0.18,1,250.146,200.3,13809.3,103.4095,148468,,,,,,,,,,,
5/1/2018,1.7,0.01,1,250.779,203.2,13872.1,102.5408,148801,,,,,,,,,,,
6/1/2018,1.82,0.12,1,251.118,204.2,13912.9,103.3045,148984,,,,,,,,,,,
7/1/2018,1.91,0.09,1,251.323,204.3,13962.6,103.5474,149050,,,,,,,,,,,
8/1/2018,1.91,0,0,251.749,203.4,14014.5,104.1659,149269,,,,,,,,,,,
9/1/2018,1.95,0.04,1,252.239,203.6,14030.7,104.1315,149326,,,,,,,,,,,
10/1/2018,2.19,0.24,1,252.862,204.6,14119.6,103.9874,149471,,,,,,,,,,,
11/1/2018,2.2,0.01,1,252.657,202.3,14187.8,103.9127,149573,,,,,,,,,,,
12/1/2018,2.27,0.07,1,252.551,201,14050.6,103.867,149821,,,,,,,,,,,
1/1/2019,2.4,0.13,1,252.47,199.1,14104.4,103.3023,150100,,,,,,,,,,,
2/1/2019,2.4,0,0,253.135,199.2,14117.9,102.728,150124,,,,,,,,,,,
3/1/2019,2.41,0.01,1,254.273,200.8,14244.4,102.8635,150348,,,,,,,,,,,
4/1/2019,2.42,0.01,1,255.163,202.1,14329.3,102.2543,150636,,,,,,,,,,,
5/1/2019,2.39,-0.03,0,255.325,201.7,14372.2,102.4519,150713,,,,,,,,,,,
6/1/2019,2.38,-0.01,0,255.361,200.3,14425.7,102.384,150843,,,,,,,,,,,
7/1/2019,2.4,0.02,1,255.9,200.7,14487.4,102.0568,150921,,,,,,,,,,,
8/1/2019,2.13,-0.27,0,256.179,199.2,14536.4,102.6882,151081,,,,,,,,,,,
9/1/2019,2.04,-0.09,0,256.596,198.4,14564.7,102.3143,151244,,,,,,,,,,,
10/1/2019,1.83,-0.21,0,257.305,198.6,14607.9,101.4645,151337,,,,,,,,,,,
11/1/2019,1.55,-0.28,0,257.788,199,14667.6,101.9876,151589,,,,,,,,,,,
12/1/2019,1.55,0,0,258.263,199,14686.3,101.6179,151789,,,,,,,,,,,
1/1/2020,1.55,0,0,258.682,199.3,14769.9,101.0918,152128,,,,,,,,,,,
2/1/2020,1.58,0.03,1,259.007,196.7,14785.1,101.3247,152504,,,,,,,,,,,
3/1/2020,0.65,-0.93,0,258.165,193.1,13762.2,97.4477,151006,,,,,,,,,,,
4/1/2020,0.05,-0.6,0,256.094,185.5,12021.8,84.2018,130513,,,,,,,,,,,
5/1/2020,0.05,0,0,255.944,188.6,13058.1,85.8434,133155,,,,,,,,,,,
6/1/2020,0.08,0.03,1,257.217,191.2,13889.3,91.1622,137660,,,,,,,,,,,
7/1/2020,0.09,0.01,1,258.543,193,14129.2,94.8887,139048,,,,,,,,,,,
8/1/2020,0.1,0.01,1,259.58,194.3,14270.5,95.8924,140713,,,,,,,,,,,
9/1/2020,0.09,-0.01,0,260.19,195.5,14481.7,95.6019,141632,,,,,,,,,,,
10/1/2020,0.09,0,0,260.352,196.5,14546,96.6454,142279,,,,,,,,,,,
11/1/2020,0.09,0,0,260.721,198.3,14467.3,97.1609,142612,,,,,,,,,,,
12/1/2020,0.09,0,0,261.564,200.5,14389.5,98.2854,142497,,,,,,,,,,,
1/1/2021,0.09,0,0,262.2,204.8,14857.9,99.4076,143017,,,,,,,,,,,
2/1/2021,0.08,-0.01,0,263.346,210.6,14699.6,96.3966,143727,,,,,,,,,,,
3/1/2021,0.07,-0.01,0,265.028,215,15458.9,99.1618,144431,,,,,,,,,,,
4/1/2021,0.07,0,0,266.727,217.9,15618.7,99.2416,144694,,,,,,,,,,,
5/1/2021,0.06,-0.01,0,268.599,224.9,15624.4,99.9226,145141,,,,,,,,,,,
6/1/2021,0.08,0.02,1,270.955,228.9,15802,100.4704,145698,,,,,,,,,,,
7/1/2021,0.1,0.02,1,272.184,231.85,15814.9,101.1676,146387,,,,,,,,,,,
8/1/2021,0.09,-0.01,0,273.092,233.415,15991.1,101.0927,146904,,,,,,,,,,,
9/1/2021,0.08,-0.01,0,274.214,235.678,16088.9,99.8606,147328,,,,,,,,,,,
10/1/2021,0.08,0,0,276.59,240.465,16309.5,101.2534,148005,,,,,,,,,,,
11/1/2021,0.08,0,0,278.524,243.287,16390.9,101.9977,148652,,,,,,,,,,,
12/1/2021,0.08,0,0,280.126,241.338,16242.3,101.7015,149240,,,,,,,,,,,
1/1/2022,0.08,0,0,281.933,246.357,16574.8,102.5596,149744,,,,,,,,,,,
2/1/2022,0.08,0,0,284.182,252.51,16677.7,103.5845,150458,,,,,,,,,,,
3/1/2022,0.2,0.12,1,287.708,259.377,16862.7,104.4741,150886,,,,,,,,,,,
